Nombre,Correo
Aldo Caballero,aldo.caballero@empresa.com
Ines Trinidad Guevara Rubio,ines.trinidad.guevara.rubio@empresa.com
Andres Rico Alcaraz,andres.rico.alcaraz@empresa.com
Mtro. Trinidad Patino,mtro.trinidad.patino@empresa.com
Renato Trinidad Guerra,renato.trinidad.guerra@empresa.com
Dulce Maria Jeronimo Aparicio,dulce.maria.jeronimo.aparicio@empresa.com
Hugo Tello,hugo.tello@empresa.com
Rolando Leonor Vazquez,rolando.leonor.vazquez@empresa.com
Ramon Florencia Merino,ramon.florencia.merino@empresa.com
Ing. Esmeralda Lebron,ing.esmeralda.lebron@empresa.com
