factura_50780144-378c-4936-b647-938e878e42e2.pdf,tylerduran@example.com
factura_c1d92461-190d-40a8-a9b4-f774908fdaa7.pdf,hwilson@example.com
factura_c7ff1396-4687-4588-b02c-fcf95417911d.pdf,abigail84@example.com
factura_be5bd61f-533f-4060-bafb-97d3849a21ae.pdf,gjohnson@example.com
factura_7f8e3895-0032-41c3-b243-47e5bb265636.pdf,hsanchez@example.org
factura_b1b568cc-33bd-4949-a135-e4ce8cc09315.pdf,woodlinda@example.net
factura_1ab95d25-5aaf-4118-9175-d74a22777262.pdf,carolyn48@example.org
factura_e9ba6ad0-25b4-479f-890a-97e223715203.pdf,boltonheather@example.org
factura_64827db7-aba3-4b3b-b8c9-a2e3cfd41218.pdf,dianeyoung@example.net
factura_ad0c999c-4fdd-401f-9fa2-912343bd1c6a.pdf,katherineayala@example.com
factura_50780144-378c-4936-b647-938e878e42e2.pdf,tylerduran@example.com
factura_c1d92461-190d-40a8-a9b4-f774908fdaa7.pdf,hwilson@example.com